ID,Source Link,Title,Short citation,Genre,Lit review section,Short summary,Key findings / data quality issue,Datasets,Variables,Methods,Feeds deliverable,Related questions,Relevance,Status,Other notes?
R01,https://doi.org/10.1029/2023GL105979,Is Bias Correction in Dynamical Downscaling Defensible?,"Risser et al. 2024 (GRL 51, e2023GL105979)",Peer-reviewed paper,Sec 4,Tests whether a priori bias correction (APBC) of GCM boundary conditions before dynamical downscaling is justified.,APBC adds negligible uncertainty for temperature and precipitation relative to GCM choice and internal variability. Snow projections without APBC are physically unrealistic. Minimally invasive APBC preserves GCM trends at regional scales.,WRF (WUS-D3),"Temperature, precipitation, snow",A priori bias correction of boundary conditions; comparison of uncertainty sources,Phase 2 proposal; Sec 4 methods shortlist; provenance flowchart (pre-downscaling branch),,High,To read,Core justification for the APBC step already applied upstream of AE WRF data
R02,https://loca.ucsd.edu/loca-version-2-for-north-america-ca-jan-2023/,LOCA Version 2 for North America (ca. Jan 2023),Pierce / Scripps (UCSD) 2023,Dataset documentation,Sec 0,Official documentation page for the LOCA2 downscaled dataset.,"LOCA2 CMIP6 at 6 km, daily Tmin/Tmax/precip 1950-2100, SSP245/370/585, 27 GCMs / 329 members. Humidity in progress. Wind is not statistically downscaled - supports the LOCA2-barely-carries-wind caveat.",LOCA2 (NAmer 6 km),"Tmax, Tmin, precipitation",LOCA2 statistical downscaling and its bias correction step,Per-dataset bias adjustment documentation; variable cards,,High,To read,Methodology papers are listed in the LOCA bibliography page - chase and add as separate rows
R03,https://loca.ucsd.edu/~pierce/analysis2/,LOCA2 (CMIP6) Validation and Verification Plots,Pierce / Scripps (UCSD) 2023,Validation page,Sec 3,Historical validation plots for LOCA2 against observations.,"Means, seasonal cycles, percentiles, return values (20-250 yr), wet spells, humidity metrics. Ready-made figure source.",LOCA2 (NAmer 6 km),"Precipitation, Tmin, Tmax, DTR, specific humidity, RH",Observation-based validation; return value analysis,Good/bad matrix; data challenges page; figure source for guidance doc,,Medium,To read,
R04,https://loca.ucsd.edu/~pierce/analysis_CAhyb/,California 3 km LOCA2 Hybrid Downscaling Validation Plots,Pierce / Scripps (UCSD) 2023,Validation page,Sec 1,"Validation plots for the CA 3 km hybrid WRF/LOCA2 product, including winds.","Includes 10 m wind validated against observations (seasonal means, percentiles, daily max/min), plus RH and downward shortwave vs GOES. One of the few obs-vs-model wind comparisons available for AE-relevant data.",Hybrid WRF/LOCA2 (CA 3 km),"10 m wind (uas/vas + speed), RH min/max, specific humidity, rsds, precipitation, Tmin, Tmax",Observation-based wind validation,Wind pilot Sec 3; good/bad matrix; RH report; figure source for guidance doc,DQ4,High,To read,Highest-value single source for the wind pilot - start here
R05,https://www.pnas.org/doi/10.1073/pnas.2302480120,Observed humidity trends in dry regions contradict climate models,"Simpson et al. 2024 (PNAS 121(1), e2302480120)",Peer-reviewed paper,Sec 1,Documents the mismatch between observed and modelled humidity trends in arid regions.,CMIP6 models fail to reproduce observed drying (negative RH / vapor pressure trends) in arid and semi-arid regions including the SW US. ERA5 shows a much stronger negative RH trend than the GCMs. This is the root paper behind the AE RH concern.,"CMIP6 GCMs, ERA5","RH, vapor pressure",Linear trend fitting on observed vs modelled RH,RH report (core citation); good/bad matrix,"DQ1, DQ3",High,To read,"Cited in Q02; Will reproduced its ERA5 trends in Appendix B. Citation verified Jul 2026: the article was published online 26 Dec 2023 but carries a 2 Jan 2024 issue date, so some databases (OSTI, DOE EESM) list it as 2023. The volume is 121, not 120 - the trailing 120 in the DOI is PNAS submission-era numbering, not the volume."
R06,,DRAFT - Data Justification Memo for California's Fifth Climate Change Assessment: Climate Adjusted Synthetic Relative Humidity Data,"Westerling, Baldwin, Romsos & Saah (Pyregence, draft)",Memo,Sec 4,"The Pyregence team's own justification for replacing downscaled RH with a statistically derived synthetic product, plus full model specification and data access.","Motivation: over the 2000-2020 overlap, GCM-simulated RH is significantly wetter than observed, and observed California RH has a declining trend that the simulations do not reproduce - so fire models calibrated on observations project immediately decreasing fire activity regardless of scenario. KEY CLAIM FOR PHASE 2: the authors argue bias correction can adjust modest discrepancies in mean or variance but CANNOT correct differences in long-term trends, which is why they rebuilt RH rather than correcting it. Authors' own stated limitations: the model omits large-scale atmospheric moisture transport, underestimates wet extremes of daily max RH, and has no dew point representation so max RH never spikes to 100%. They state the impact is muted for fire models because those are most sensitive to daily MINIMUM RH. Model skill: ~66% of variance explained for rmin, ~45% for rmax. Authors explicitly caution other sectors to assess suitability before using it as a replacement.","Pyregence synthetic RH; source data = ERA5 WRF (1950-2021), UCLA WRF bias-corrected, LOCA2","RH (daily min/max), tmx, tmn, prc, elevation, aspect","Semiparametric GAM via bam() in R mgcv, with spline-smoothed interaction terms. RH fractions logit-transformed to unbounded variables. Final form: rmin2 ~ s(tmx,tmn,prc) + s(t90,p90) + s(elv,asp) + s(x,y). AIC-based selection on a 1M random subsample of >1bn daily observations. Windspeed and 30/60-day leading averages were tested but not retained. A day-of-year seasonal term was deliberately excluded so seasonality would emerge from the climate data.",Phase 2 proposal (the trend-vs-bias-correction claim is directly load-bearing); RH report; data challenges page,"DQ3, DQ5, DQ8, DQ11",High,Read,"Obtained Jul 2026, resolves the placeholder. Confirms Q02's reading of the input variables exactly. Still does NOT name the observational training dataset, and still documents no held-out validation - 'robust across randomly selected samples' is a stability check, not an overfitting test. Crucially it documents NO additional bias correction step on the LOCA2 or WRF-ERA5 inputs, so the large LOCA2 bias shift Q02 observed remains unexplained. Data access via ungoliant.ucmerced.edu (era5wrf/, wrf_bc/, loca2/) as Cloud-Optimized GeoTIFFs. Relevance raised from Medium to High."
R07,https://doi.org/10.5194/hess-17-1833-2013,Future humidity trends over the western United States in the CMIP5 global climate models and variable infiltration capacity hydrological modeling system,"Pierce, Westerling & Oyler 2013 (HESS 17(5), 1833-1850)",Peer-reviewed paper,Sec 4,Prior work on deriving humidity for western US climate assessments using the VIC hydrological model.,"The methodological precedent R06 builds on and cites for its known limitation: like VIC-derived RH, a statistically/hydrologically derived humidity misses the portion of daily variability driven by large-scale atmospheric moisture transport. Establishes that this limitation is long-standing and not unique to the Pyregence approach.","CMIP5 GCMs, VIC","RH, humidity",VIC hydrological modelling of humidity; CMIP5 humidity trend analysis,RH report (background); Phase 2 proposal (prior art on derived-humidity limitations),"DQ3, DQ8",Medium,To read,"Chased from the R06 reference list. Pierce is also the author of R02-R04, so this connects the LOCA2 and Pyregence threads."
R08,https://doi.org/10.1175/JHM-D-14-0082.1,Statistical Downscaling Using Localized Constructed Analogs (LOCA),"Pierce, Cayan & Thrasher 2014 (J. Hydrometeorol. 15, 2558-2585)",Peer-reviewed paper,Sec 4,The core peer-reviewed description of the LOCA statistical downscaling method that underlies LOCA2.,Analog-based downscaling. The LOCA system has two parts: bias correction and the downscaling step. This is the foundational method reference behind R02-R04 and the LOCA2 hybrid.,"LOCA (CMIP5 origin), applies to LOCA2","Temperature, precipitation",Localized constructed analogs; observationally trained,1a per-dataset bias adjustment documentation; variable cards,,High,To read,Named by the LOCA bibliography as the primary description of the method.
R09,https://doi.org/10.1175/JHM-D-14-0236.1,Improved Bias Correction Techniques for Hydrological Simulations of Climate Change,"Pierce et al. 2015 (J. Hydrometeorol. 16(6), 2421-2442)",Peer-reviewed paper,Sec 4,The peer-reviewed bias correction method used in LOCA and LOCA2 - the quantile-preserving scheme.,This is the actual LOCA bias correction ('Pierce et al. 2015a' in the CEC memos): it preserves GCM-predicted trends by quantile. LOAD-BEARING FOR DQ11 - its trend-by-quantile preservation is the direct counter-case to test against the Pyregence memo's claim that bias correction cannot fix trends.,LOCA / LOCA2,"Temperature, precipitation",Quantile-preserving bias correction with trend preservation,1a documentation; Phase 2 proposal; DQ11,DQ11,High,To read,The standard LOCA BC scheme cited throughout the CEC memos.
R10,https://link.springer.com/article/10.1007/s00382-015-2845-1,Downscaling humidity with Localized Constructed Analogs (LOCA) over the conterminous United States,Pierce & Cayan 2015,Peer-reviewed paper,Sec 4,How humidity specifically is downscaled and bias-corrected within LOCA.,"The LOCA-side humidity method that sits underneath the RH bias story - relevant to how RH enters LOCA2. Connects the methods thread to the RH cluster (Q01, Q02, Q04, R05, R06).",LOCA / LOCA2,"RH, humidity",LOCA analog downscaling applied to humidity,RH report; 1a documentation; variable cards,"DQ3, DQ10",High,To read,"Confirm exact journal and DOI from the LOCA bibliography page (link is the finding aid, not the paper)."
R11,https://doi.org/10.1175/JHM-D-22-0194.1,Future Increases in North American Extreme Precipitation in CMIP6 downscaled with LOCA,"Pierce, Cayan, Feldman & Risser 2023 (J. Hydrometeorol.)",Peer-reviewed paper,Sec 4,Introduces the LOCA2 multi-ensemble-member bias correction scheme.,The 'Pierce et al. 2023' pooled multi-member BC used in LOCA2: ensemble members are pooled and bias-corrected together to better preserve rare precipitation extremes. This is the specific LOCA2 (vs LOCA1) bias-correction change.,LOCA2,Precipitation (extremes),Multi-ensemble-member pooled quantile bias correction,1a documentation; good/bad matrix (precip extremes),,Medium,To read,Cited on the LOCA v1-vs-v2 page as the LOCA2 BC upgrade.
R12,https://doi.org/10.5194/gmd-17-2265-2024,An overview of the Western United States Dynamically Downscaled Dataset (WUS-D3),"Rahimi et al. 2024 (Geosci. Model Dev. 17, 2265-2286)",Peer-reviewed paper,Sec 1,The dataset-documentation paper for the WRF dynamical downscaling behind AE's WRF data.,"Documents the WUS-D3 WRF configuration, GCM selection, data tiers (6-hourly / hourly / daily), and improvements over raw GCMs. The primary WRF dataset reference - the dynamical-downscaling counterpart to R02 for LOCA2. GCM selection explicitly considered surface wind patterns.",WRF (WUS-D3); 9 km WUS + 3 km CA,21 hourly + 30 daily variables incl. wind,WRF dynamical downscaling; ERA5-driven configuration (Rahimi et al. 2022),1a documentation; wind pilot Sec 1; provenance flowchart (WRF branch),"DQ4, DQ6, DQ7",High,To read,Open data on AWS (registry.opendata.aws/wrf-cmip6). The WRF equivalent of R02.
R13,https://doi.org/10.1029/2023GL106264,Understanding the Cascade: Removing GCM Biases Improves Dynamically Downscaled Climate Projections,Rahimi et al. 2024 (Geophys. Res. Lett. 51(10)),Peer-reviewed paper,Sec 4,The a priori bias correction (APBC) method for the WRF downscaling - correcting GCM biases before downscaling.,"The WRF-side counterpart to LOCA's Pierce 2015 BC. Applies a priori BC of GCM boundary conditions before dynamical downscaling. Pairs with R01 (Risser 'Defensible?'), which evaluates whether this exact APBC step is justified. Relevant to DQ11 and Phase 2.",WRF (WUS-D3),"Temperature, precipitation, hydroclimate",A priori bias correction of GCM boundary conditions before dynamical downscaling,1a documentation; Phase 2 proposal; provenance flowchart (pre-downscaling WRF branch); DQ11,DQ11,High,To read,R01 evaluates the defensibility of the APBC this paper applies - treat them as a pair.
R14,https://www.energy.ca.gov/sites/default/files/2024-03/01_BiasCorrectioninWRF_and_LOCA2Projections_DataJustificationMemo_Pierce_Adopted_ada.pdf,"Bias Correction in the WRF and LOCA version 2 Projections (Data Adoption Justification Memo, CA 5th Climate Change Assessment)","Pierce, Rahimi, Cayan & Kalansky 2023 (CEC EPC-20-006)",Memo,Sec 4,The high-level overview memo describing how bias correction is used in BOTH the WRF and LOCA2 products. *** Best single match for the WRF+LOCA2 bias-correction request. ***,"Explains that WRF and LOCA2 use different BC methods with different goals, and points to the individual product memos for specifics. The natural anchor document for the 1a bias-adjustment documentation deliverable - start here and branch out.","WRF, LOCA2",All,Overview: a priori (WRF) vs quantile-preserving (LOCA2) bias correction,1a documentation (anchor); provenance flowchart; guidance doc,DQ11,High,To read,CEC-adopted grey literature but authoritative. The best starting point for the documentation deliverable.
R15,https://www.energy.ca.gov/sites/default/files/2024-03/04_HybridDownscaling_DataJustificationMemo_Pierce_Adopted_ada.pdf,LOCA version 2 Hybrid Downscaling (Data Justification Memo),"Pierce, Cayan, Rahimi & Kalansky 2023 (CEC EPC-20-006)",Memo,Sec 0,Documents the CA 3 km LOCA2-hybrid product - the WRF-pattern-library + LOCA approach that is the actual cadcat CA hybrid data.,"The hybrid uses a WRF-derived pattern library plus the standard LOCA quantile-preserving BC (Pierce 2015a, = R09). This is the exact product Ana investigated in Q03 for the wspeed vs uas/vas discrepancy - it documents how that product was built.",LOCA2 CA hybrid (3 km),incl. 10 m wind (uas/vas/wspeed),WRF pattern library + LOCA analog + quantile-preserving BC,1a documentation; variable cards; provenance flowchart (hybrid branch); wind pilot,DQ4,High,To read,Directly relevant to Q03/DQ4 - documents the CA hybrid product where the wind discrepancy appears.
R16,https://www.energy.ca.gov/sites/default/files/2024-03/03_LOCA2-forCA-TrainingData_DataJustificationMemo_Pierce_Adopted_ada.pdf,LOCA Version 2 - Training Data (Data Justification Memo),"Pierce, Rahimi, Iacobellis, Cayan & Kalansky 2023 (CEC EPC-20-006)",Memo,Sec 4,Documents the observational training/reference data used for LOCA2 bias correction and analog matching.,"Training data sets the climatology, annual cycle and variability of the downscaled result. Precip = 'unsplit Livneh' (Pierce 2021, better extremes than Livneh 2015); temperature = Livneh 2015 extended to 2018 by Lu Su (UCLA). *** Directly answers 'which observational reference was used' - feeds Phase 2 reference-dataset scoping. *** Note wind is NOT in the LOCA training data, reinforcing the LOCA-barely-carries-wind caveat.","LOCA2; training = unsplit Livneh (precip), Livneh 2015 ext (temp)","Precipitation, temperature",Observational training data for BC and the analog library,Phase 2 proposal (reference-dataset scoping); 1a documentation,DQ9,High,To read,The reference-dataset answer for LOCA2; connects to R02.
R17,https://www.energy.ca.gov/sites/default/files/2025-07/e_Memo_2ndSet_WRF_runs_BC_Sept2024_ada.pdf,Memo on WRF Downscaling with Bias Corrected Boundary Conditions (the four 'new' GCMs),"Rahimi, Pierce, Cayan & Kalansky 2024 (CEC EPC-20-006)",Memo,Sec 4,Documents the a priori bias-corrected boundary-condition WRF runs for four additional GCMs.,The applied 'what we actually ran' companion to R13 (the Cascade method paper): the second set of WRF runs driven by bias-corrected GCM boundary conditions. Notable cross-over - the LOCA-side Pierce BC is applied to the GCM boundary conditions that then force WRF.,"WRF (WUS-D3, 2nd set, 4 new GCMs)",All WRF variables,A priori bias-corrected GCM boundary conditions feeding WRF,1a documentation; provenance flowchart (WRF a-priori-BC branch),DQ11,Medium,To read,Sept 2024 CEC memo (posted 2025).
R18,https://doi.org/10.1175/JHM-D-24-0063.1,Evaluation of the Mountain Hydroclimate across the Western United States in Dynamically Downscaled Climate Models,"Adhikari, Geerts, Rahimi-Esfarjani, Smith, Shuman & Schneider 2024 (J. Hydrometeorol. 25(12), 1877-1894)",Peer-reviewed paper,Sec 3,Evaluates how well the WUS-D3 WRF downscaling reproduces observed hydroclimate over complex terrain in the western US.,"Evaluates 15 CMIP6 GCMs downscaled to 9 km (WUS-D3) against PRISM, gauge/station data and a snow reanalysis over 1981-2014 for orographic precipitation, surface temperature and SWE, plus ERA5-driven 9 km and 4 km (CONUS404) reconstructions. Perkins skill for precipitation exceeds 0.9 over plains but is lower over mountains. KEY FOR THE PILLAR: it flags that gridded observational estimates in complex terrain are poorly quantified (esp. PRISM precip over mountains) - the reference-data uncertainty problem that complicates bias correction and validation in exactly the terrain where wind is also hardest.",WRF WUS-D3 (9 km); ERA5-driven WRF (9 km + CONUS404 4 km),"Orographic precipitation, surface temperature, SWE","Perkins skill score vs PRISM, gauge/station data and snow reanalysis; mountains-vs-plains contrast",Good/bad matrix (complex-terrain rows); data challenges page; Phase 2 reference-dataset scoping,DQ9,Medium,To read,"WRF WUS-D3 evaluation, not a bias-correction method paper. Rahimi-Esfarjani = Stefan Rahimi (WUS-D3 lead). Its complex-terrain reference-uncertainty finding is the most transferable point for the wind pilot and for reference-dataset choice."
R19,https://atmos.ucla.edu/alexhall/cmip6-downscaling-using-wrf/,CMIP6 Downscaling Using WRF (UCLA Alex Hall Research Group project page),"Alex Hall Research Group, UCLA (accessed Jul 2026)",Website,Sec 0,"The source team's landing page for the WRF dynamical downscaling, with the full simulation matrix and downloadable per-simulation PDFs.","Documents the WRF setup: 9 km WUS, 3 km convection-permitting CA and WY, 21 hourly + 30 daily variables, 1980-2100, mostly SSP3-7.0. KEY: the simulation table lists, per GCM/variant, which resolutions exist AND the bias-correction status of each 3 km CA run - labelled 'only no-bc', 'only bc', or both - and highlights which simulations were used in California's 5th Climate Change Assessment. This is the authoritative map of which WRF runs are bias-corrected vs not. Frames the data around wildfire / utility use (aridity + windiness, PSPS).","WRF WUS-D3 (45 km / 9 km / 3 km CA / 3 km WY), incl. ERA5-driven runs",21 hourly + 30 daily WRF variables,WRF dynamical downscaling; per-simulation a priori bias correction (bc vs no-bc variants),1a documentation (bc-vs-no-bc per simulation); provenance flowchart; wind pilot use cases,DQ11,High,To read,Data-access contact: Stefan Rahimi (UCLA). Highlighted rows = used in the CA 5th Climate Change Assessment. The 3 km CA bc/no-bc labels are the key detail - reconcile against which WRF version cadcat/AE actually serves (Q02 Appendix A notes AE uses the non-a-priori-bias-corrected WRF). Living webpage - note the access date.
Q01,RH Sensitivity: Fosberg Fire Weather Index,Relative Humidity Sensitivity Analysis: Fosberg Fire Weather Index,"Cal-Adapt AE 2025 (update: Nicole, Mar 2026)",Internal doc,Sec 2,AE sensitivity analysis of how the known RH bias propagates into FFWI.,"FFWI likely biased low due to the known RH bias in CMIP6 downscaled GCMs. RH trend switches sign around GWL2.5 (interior increases), making FFWI non-monotonic. Preliminary recommendation: caution or do-not-use for FFWI at GWL>=2.5. RH bias adjustment alone may not fix the FFWI trend. FFWI>50 exceedance counts trend downward over time (especially TaiESM). Mean wind speeds decrease mildly statewide.",WRF (AE),"RH, wind speed, air temperature, FFWI",GWL delta signal analysis; FFWI decomposition by calculation step; exceedance counting,RH report; good/bad matrix (RH and FFWI rows); FAQ,"DQ1, DQ2, DQ6, DQ7",High,Read,Open items: per-model attribution of the RH switch; whether the FFWI=50 threshold is valid for CA; max-wind (vs mean) trends
Q02,Evaluating Pyregence Synthetic Relative Humidity Product,Evaluating Pyregence Synthetic Relative Humidity Product,Cal-Adapt AE 2025 (Will Krantz),Internal doc,Sec 3,Evaluation of whether the Pyregence synthetic RH product produces more realistic long-term RH trends.,"Verdict: acceptable only as a Pyregence wildfire-model input; unacceptable as a standalone or replacement RH product. Applies a roughly uniform negative trend adjustment but FAILS to reproduce ERA5's strong negative trend when applied to WRF-ERA5. Undocumented training data, undocumented input bias correction, no overfitting validation. Daily-scale artifacts: blotchy spatial patterns, missing inland water, unexplained increases over southern Nevada.","UCSD bias-corrected WRF, LOCA2, WRF-ERA5, Pyregence synthetic RH, ERA5",RH (daily min/max),Trend comparison with 5-yr rolling means; linear trend fitting; regridding to a common grid,RH report; data challenges page; cautionary example for the Phase 2 proposal,"DQ3, DQ5",High,Read,Appendix A documents UCLA-WRF vs UCSD post-downscaling bias-corrected WRF differences - useful for provenance flowchart branches
Q03,LOCA2 wind speed and direction investigation: Original NetCDF files,LOCA2 wind speed and direction investigation: Original NetCDF files,Cal-Adapt AE 2025 (Ana Ordonez),Internal doc,Sec 0,Checks whether wind magnitude derived from components matches the provided wspeed variable.,"sqrt(uas^2 + vas^2) does not equal wspeed in the original LOCA2 CA hybrid NetCDFs (tested on ACCESS-CM2 ssp245). The discrepancy is identical in the NetCDF and zarr versions, so it is not an AE ingestion issue - it originates upstream.",LOCA2 CA hybrid (0.0625deg),"uas, vas, wspeed",Direct comparison of derived vs provided wind magnitude; NetCDF vs zarr cross-check,Variable cards (uas/vas/wspeed averaging warning); provenance flowchart; data challenges page,DQ4,High,Read,Hypothesis to verify: wspeed may be the daily mean of sub-daily speed while components are daily means (scalar vs vector averaging). Check whether the difference is one-signed. Note the differing file versions: v20230115 vs v20230901
Q04,RH Sensitivity Analysis Plan,RH Sensitivity Analysis Plan for Cal-Adapt: AE,Cal-Adapt AE 2025,Internal doc,Sec 2,"The parent plan governing AE's RH bias work. Defines the goals, a three-tier use-case triage, and three workstreams: historical climatology, Heat Index, and FFWI.","Framing document rather than results. Premise: CMIP6 GCMs project more near-surface moisture than observed, likely propagating into downscaled CCA5 data; affects both WRF and LOCA2; errors largest in arid regions and in the hot/dry season. Target output is a three-tier triage of use cases — proceed as-is / adjustment recommended / adjustment critically necessary — plus a feasibility assessment of an actual adjustment procedure. Status: historical climatology and Heat Index not started; FFWI in progress but on hold.","WRF, LOCA2 (CCA5), ERA5, HadISD stations, AE airport station locations","RH, air temperature, dewpoint temperature, Heat Index, FFWI","Station-based comparison of WRF/LOCA2 vs ERA5 by region and IOU territory; RH derived from HadISD air temp + dewpoint to test a point-based adjustment, then generalized to gridded data; stepwise regional perturbation of RH holding physical consistency with temperature; recalculation of derived metrics (Rothfusz Heat Index, NOAA FFWI) and of threshold/exceedance metrics",RH report (parent framing); good/bad matrix — the three-tier triage is the RH row of the matrix; Phase 2 proposal (point→grid generalization); variable cards (RH-dependent derived variables); guidance materials,"DQ1, DQ3, DQ8, DQ9, DQ10",High,Read,"Parent plan for Q01 (FFWI). Two of three workstreams not started and one on hold - check current status before building on it. Notes that the equilibrium moisture constant is also used in drought indices, so FFWI findings may transfer. The linked Heat Index slide deck is a separate artifact (see Papers to read)."
R20,,Personal communication on LOCA2 CA hybrid wind speed construction,"D. Pierce (Scripps), pers. comm., August 2026 [confirm exact date]",Personal communication,Sec 0,Scripps confirmation of how wspeed is constructed and bias-corrected relative to uas/vas.,"wspeed is produced by averaging hourly wind speeds to daily (scalar, positive-definite), downscaled and bias-corrected separately from the vector components (signed, can cancel), with different extreme-value handling. Therefore wspeed != sqrt(uas^2+vas^2) by design. Recommendation: use the downscaled wspeed directly; do not reconstruct from daily vector winds. Resolves DQ4.",LOCA2 CA hybrid,"uas, vas, wspeed",Separate downscaling + bias correction of scalar speed vs vector components,wspeed variable card; DQ4 resolution; data challenges page,DQ4,High,Received,Personal communication; key quote retained in project notes. Fill exact email date.
Q05,,Cal-Adapt downscaled products vs ERA5: 10 m wind agreement over California (v2),"AE internal analysis (H. Inda-Diaz), 2026",Internal analysis,Sec 1,"Head-to-head validation of AE downscaled 10 m wind (LOCA2 statistical + WRF dynamical, same GCM) vs ERA5 over California, 1980-2010.","Both products run high vs ERA5 with agreeing timing (seasonal r 0.77-0.92) and a multiplicative offset. On 1351 shared cells the STATISTICAL LOCA2 (+29%) is CLOSER to ERA5 than the DYNAMICAL WRF-GCM (+69%). This REJECTS the v1 hypothesis that LOCA2's offset came from PresRat: the uncorrected dynamical product is the outlier and PresRat moves LOCA2 toward ERA5. Offset largest over flat interior terrain (opposite of a resolution effect), so origin is upstream (GCM wind climate, WRF surface/PBL, or ERA5 10m diagnostic at 31km). Big caveat: sampling frequency not matched (WRF native-timestep vs ERA5 hourly) inflates WRF. Decisive next step: WRF-ERA5 run (same sampling).",LOCA2 (CNRM-ESM2-1 historical); WRF-GCM (CNRM-ESM2-1 historical); ERA5,wspeed / wspd10mean (u10/v10 for ERA5),source->ERA5 block-mean regrid (rectilinear + curvilinear paths); coverage mask; ERA5 hourly->scalar->monthly; climatological metrics,good/bad matrix (mean-bias dimension); wspeed variable card (ERA5 validation); data challenges page,"DQ4, DQ9",High,Draft,v2 supersedes v1. Single realization each; sampling-frequency caveat on WRF. See era5-comparison page + FINDINGS_v2.md. Next: WRF-ERA5 control run.
