DQ ID,Question,Raised by / where,Datasets,Variables,Related sources,Status,Priority,Notes
DQ1,Is the RH trend switch at GWL>=2.5 driven by one model (e.g. TaiESM) or consistent across models?,FFWI sensitivity analysis,WRF (AE),RH,"Q01, R05, Q04",Open,High,"If it is one model, a possible outcome is an exclusion recommendation for RH and FFWI uses"
DQ2,"Is FFWI usable at GWL>=2.5, and is the FFWI=50 threshold appropriate for California?",FFWI sensitivity analysis,WRF (AE),FFWI,Q01,Open - preliminary caution issued,High,Feeds the good/bad matrix directly
DQ3,Does WRF downscaling preserve the RH trends of the parent GCM or reanalysis?,Pyregence evaluation (WRF-ERA5 vs ERA5 result),"WRF-ERA5, WRF-GCM",RH,"Q02, R05, Q04, R06, R07, R10",Open,High,"If not, the GCM RH literature may not transfer to downscaled data - this reframes the whole RH report"
DQ4,Why does wspeed differ from sqrt(uas^2 + vas^2) in the LOCA2 hybrid files?,Ana's wind investigation,LOCA2 CA hybrid,"uas, vas, wspeed","Q03, R04, R12, R15, R20","Resolved (Scripps, R20)",High,"RESOLVED: wspeed is a separately downscaled/bias-corrected scalar daily-mean speed, not equal to sqrt(uas^2+vas^2) by design; use wspeed directly (D. Pierce, Scripps, R20). The positive offset is the scalar pedestal; the left-skewed tail reflects the differing bias correction of speed vs components."
DQ5,What bias correction was applied to the LOCA2 and WRF-ERA5 inputs before synthetic RH generation?,Pyregence evaluation,"LOCA2, WRF-ERA5",RH,"Q02, R06","Open - memo obtained, does not document it",Medium,The Pyregence memo (R06) has now been read and documents NO additional bias correction on the LOCA2 or WRF-ERA5 inputs. The large LOCA2 bias shift Q02 observed is therefore still unexplained and needs a direct question to the Pyregence team. Related unresolved gap: the memo never names the observational dataset the regression was trained on.
DQ6,"Are the projected wind speed decreases robust for maximum winds, not just means?",FFWI sensitivity analysis,WRF (AE),Wind speed,"Q01, R12",Open,Medium,Connects to wind pilot Sec 3 - extremes vs means
DQ7,Is the spatial variability of wind and RH trends consistent across GWLs (same areas windier or drier each time)?,FFWI sensitivity analysis,WRF (AE),"Wind, RH","Q01, R12",Open,Medium,Flagged as to-be-determined in the source doc
DQ8,"Is the RH bias constant in time, or does it change over the projection period?",RH Sensitivity Analysis Plan (Q04),"WRF, LOCA2 (CCA5)",RH,"Q04, R06, R07",Open,High,Determines whether a single-offset correction is even viable. Direct input to the Phase 2 proposal.
DQ9,Can a station-derived RH adjustment (HadISD dewpoint-derived RH) be generalised from points to the full grid?,RH Sensitivity Analysis Plan (Q04),"WRF, LOCA2, HadISD stations","RH, dewpoint temperature","Q04, R16, R18",Open,High,"This is the full-grid bias adjustment question in RH form - the same problem as the Phase 2 wind proposal, and the sparse-station difficulty is shared. Strong case for scoping the two together."
DQ10,Which AE derived variables and metrics depend on RH?,RH Sensitivity Analysis Plan (Q04),"WRF, LOCA2","RH, Heat Index, FFWI, derived RH","Q04, Q01, R10",Open,High,"Named so far: Heat Index, FFWI and 'derived RH'. Confirm the complete list. Pure documentation, answerable now, feeds the variable cards directly."
DQ11,"Is the memo's claim correct that bias correction can fix mean and variance but not long-term trend errors? If so, what does that imply for the Phase 2 full-grid method choice?",Pyregence memo (R06),"WRF, LOCA2","RH, and any variable with a suspect trend","R06, R07, R05, R09, R13, R14, R17, R19",Open,High,"This is the most load-bearing methodological claim we have found for Phase 2. If true as stated, quantile-mapping-family methods cannot fix the RH problem and the shortlist must centre on trend-preserving or trend-correcting approaches - or concede that a rebuild (as Pyregence chose) is the only option. Note the claim is asserted in a draft memo, not demonstrated, so it needs testing against the bias-correction literature rather than adoption."
