variable_id,d01/1hr,d01/day,d01/mon,d02/1hr,d02/day,d02/mon,d03/1hr,d03/day,d03/mon
cape,0,11,11,0,11,11,0,11,11
cin,0,11,11,0,11,11,0,11,11
dew_point,19,19,19,19,19,19,17,17,17
effective_temp_index,18,18,18,18,18,18,16,16,16
etrans_sfc,0,19,19,0,19,19,0,17,17
evap_sfc,0,19,19,0,19,19,0,17,17
ffwi,0,0,0,0,0,0,8,0,0
gh_sfc,0,19,19,0,19,19,0,17,17
iwp,0,19,19,0,19,19,0,17,17
lcl,0,11,11,0,11,11,0,11,11
lfc,0,11,11,0,11,11,0,11,11
lh_sfc,0,19,19,0,19,19,0,17,17
lw_dwn,0,19,19,0,19,19,0,17,17
lw_sfc,0,19,19,0,19,19,0,17,17
lwdnb,19,0,0,19,0,0,17,0,0
lwdnbc,19,0,0,19,0,0,17,0,0
lwp,0,19,19,0,19,19,0,17,17
lwupb,19,0,0,19,0,0,17,0,0
lwupbc,19,0,0,19,0,0,17,0,0
pblh,0,11,11,0,11,11,0,11,11
prec,13,19,19,19,19,19,17,25,17
prec_c,0,19,19,0,19,19,0,13,13
prec_max,0,19,19,0,19,19,0,17,17
prec_snow,0,19,19,0,19,19,0,17,17
psfc,19,19,19,19,19,19,17,17,17
q2,19,19,19,19,19,19,17,25,17
rainc,19,0,0,19,0,0,17,0,0
rainnc,19,0,0,19,0,0,17,0,0
rh,19,19,19,19,19,19,17,17,17
rh_max,0,0,0,0,0,0,0,8,0
rh_min,0,0,0,0,0,0,0,8,0
runsb,19,0,0,19,0,0,17,0,0
runsf,19,0,0,19,0,0,17,0,0
sfc_runoff,0,19,19,0,19,19,0,17,17
sh_sfc,0,19,19,0,19,19,0,17,17
snow,19,19,19,19,19,19,17,17,17
snownc,19,0,0,19,0,0,17,0,0
subsfc_runoff,0,19,19,0,19,19,0,17,17
sw_dwn,0,19,19,0,19,19,0,25,17
sw_sfc,0,19,19,0,19,19,0,17,17
swddif,19,0,0,19,0,0,17,0,0
swddir,9,0,0,9,0,0,9,0,0
swddni,9,0,0,9,0,0,9,0,0
swdnb,19,0,0,19,0,0,17,0,0
swdnbc,19,0,0,19,0,0,17,0,0
swupb,19,0,0,19,0,0,17,0,0
swupbc,19,0,0,19,0,0,17,0,0
t2,19,19,19,19,19,19,17,17,17
t2max,0,19,19,0,19,19,0,25,17
t2min,0,19,19,0,19,19,0,25,17
tsk,19,0,0,19,0,0,17,0,0
tskin,0,19,19,0,19,19,0,17,17
u10,19,0,0,19,0,0,17,8,0
v10,19,0,0,19,0,0,17,8,0
wspd10max,0,19,19,0,19,19,0,17,17
wspd10mean,0,19,19,0,19,19,0,25,17
znt,11,0,0,11,0,0,11,0,0
